{"cameraMode":{"drawMode":0,"name":"Shaded","section":"Shading Mode"},"sceneLighting":false,"audioPlay":false,"sceneViewState":{"showFog":true,"showMaterialUpdate":false,"showSkybox":false,"showFlares":true,"showImageEffects":true,"showParticleSystems":true},"in2DMode":false,"pivot":{"x":-0.1275463104248047,"y":-1.873617172241211,"z":13.010271072387696},"rotation":{"x":0.0481143593788147,"y":-0.8582474589347839,"z":0.5043729543685913,"w":0.08187288045883179},"size":7.195496559143066,"orthographic":false}